3-Way-Handshake,三次握手,Der 3-Way-Handshake baut eine TCP-Verbindung mit drei Kontrollnachrichten auf.（三次握手用三条控制消息建立 TCP 连接。）
Abgabe,提交/交作业,Die Abgabe erfolgt häufig über Moodle oder ein Übungssystem.（作业提交通常通过 Moodle 或练习系统完成。）
Ablauf,流程/执行过程,Der Ablauf eines Protokolls kann mit einem Diagramm beschrieben werden.（协议流程可以用图表示。）
Abtastintervall,采样间隔,Das Abtastintervall bestimmt den zeitlichen Abstand zweier Proben.（采样间隔决定两次采样之间的时间距离。）
Abtastrate,采样率,Die Abtastrate gibt an wie oft ein Signal pro Sekunde abgetastet wird.（采样率表示每秒对信号采样多少次。）
Abtasttheorem,采样定理,Das Abtasttheorem legt die notwendige Abtastrate für ein Signal fest.（采样定理给出信号所需的采样率条件。）
ACK,确认,A ACK bestätigt den korrekten Empfang eines Segments.（ACK 表示某个报文段已被正确接收。）
AckNr,确认号,Die AckNr gibt die nächste erwartete Sequenznummer an.（确认号表示接收方下一步期望收到的序列号。）
Adressauflösung,地址解析,Adressauflösung ermittelt zu einer IP-Adresse die passende MAC-Adresse.（地址解析为一个 IP 地址查找对应 MAC 地址。）
Adressbereich,地址范围,Ein Adressbereich beschreibt eine zusammenhängende Menge von Adressen.（地址范围描述一组连续地址。）
Adresse,地址,Eine Adresse identifiziert ein Ziel im Kommunikationssystem.（地址用于标识通信系统中的目标对象。）
Adressierung,寻址,Adressierung ist notwendig damit Daten ihr Ziel im Netz erreichen.（寻址是数据在网络中到达目标的前提。）
AIMD,加性增乘性减,AIMD erhöht die Senderate vorsichtig und senkt sie bei Verlust deutlich.（AIMD 在正常时缓慢增大发送速率，丢包时显著降低速率。）
Aloha,ALOHA 随机接入协议,Aloha ist ein einfaches Verfahren für den gemeinsamen Zugriff auf ein Medium.（ALOHA 是多个节点共享介质时的一种简单随机接入协议。）
Anforderung,要求/需求,Anforderungen an ein Netz betreffen Zuverlässigkeit Durchsatz und Skalierbarkeit.（网络需求涉及可靠性、吞吐量和可扩展性。）
Anfrage-Antwort-Dialog,请求-响应对话,HTTP folgt häufig einem Anfrage-Antwort-Dialog.（HTTP 常采用请求-响应对话模式。）
Anwendungsschicht,应用层,Die Anwendungsschicht stellt Dienste für Programme wie HTTP bereit.（应用层为 HTTP 等应用程序提供网络服务。）
API,应用程序接口,Eine API definiert wie Programme einen Dienst nutzen können.（API 定义程序如何使用某个服务。）
ARP,地址解析协议,ARP bildet IP-Adressen auf MAC-Adressen in einem LAN ab.（ARP 在局域网中把 IP 地址映射到 MAC 地址。）
ARP Table,ARP 表,Die ARP Table speichert Zuordnungen von IP-Adressen zu MAC-Adressen.（ARP 表保存 IP 地址到 MAC 地址的映射。）
ARP-Anfrage,ARP 请求,Eine ARP-Anfrage wird als Broadcast an alle Peers im LAN gesendet.（ARP 请求以广播方式发送给局域网内所有对等节点。）
ARPANET,阿帕网/早期互联网,ARPANET war ein wichtiger Vorläufer des heutigen Internets.（ARPANET 是现代互联网的重要前身。）
ASCII,美国信息交换标准代码,ASCII codiert Zeichen als Zahlenwerte.（ASCII 把字符编码为数值。）
ASCII-Kodierung,ASCII 编码,ASCII-Kodierung wird in Aufgaben zur Byte-Darstellung verwendet.（ASCII 编码常用于字节表示相关练习。）
ASN,自治系统号,Eine ASN identifiziert ein autonomes System im globalen Routing.（ASN 在全局路由中标识一个自治系统。）
Aufbau,结构/建立过程,Der Aufbau eines Ethernet-Rahmens enthält Präambel Adressen Typ und Prüfsumme.（以太网帧结构包含前导码、地址、类型和校验和。）
Ausbreitungsverzögerung,传播时延,Ausbreitungsverzögerung hängt von Entfernung und Ausbreitungsgeschwindigkeit ab.（传播时延取决于距离和传播速度。）
Autonomes System,自治系统,Ein autonomes System verwaltet Routing unter einer gemeinsamen administrativen Kontrolle.（自治系统在同一管理域内维护路由。）
Backoff,退避,Backoff verzögert eine erneute Übertragung nach einer Kollision.（退避机制在冲突后延迟再次发送。）
Bandbreite,带宽,Die Bandbreite begrenzt die maximal mögliche Datenrate einer Verbindung.（带宽限制一条连接可达到的最大数据率。）
Baudrate,波特率,Die Baudrate beschreibt die Anzahl der Signalzustandswechsel pro Sekunde.（波特率描述每秒信号状态变化的次数。）
BCC,块校验字符,BCC ist ein einfaches Verfahren zur Fehlererkennung.（BCC 是一种简单的错误检测方法。）
BDP,带宽时延积,BDP beschreibt wie viele Daten gleichzeitig im Netz unterwegs sein können.（带宽时延积描述网络中可同时在途的数据量。）
Begegnung,应对/处理,Maßnahmen zur Begegnung von IPv4-Adressknappheit sind NAT CIDR und IPv6.（应对 IPv4 地址短缺的措施包括 NAT、CIDR 和 IPv6。）
Begründen,说明理由/论证,Begründen Sie die Wahl eines Routingverfahrens anhand der Anforderungen.（请根据需求说明选择某种路由方法的理由。）
Bellman-Ford,Bellman-Ford 算法,Bellman-Ford ist eine Grundlage für Distance-Vector-Routing.（Bellman-Ford 是距离向量路由的基础算法。）
BER,比特错误率,BER misst die Wahrscheinlichkeit fehlerhaft übertragener Bits.（BER 衡量比特传输错误的概率。）
Berechnen,计算,Berechnen Sie den Round Trip Delay aus den beobachteten Paketen.（请根据观察到的分组计算往返时延。）
Best Effort,尽力而为,IP arbeitet nach dem Best-Effort-Prinzip ohne Zustellgarantie.（IP 采用尽力而为原则，不保证一定送达。）
Bestimmen,确定/求出,Bestimmen Sie die passende Subnetzmaske für den gegebenen Adressbereich.（请确定给定地址范围的合适子网掩码。）
Bestätigung,确认,Eine Bestätigung informiert den Sender über erfolgreich empfangene Daten.（确认消息告知发送方哪些数据已成功接收。）
Bewertung,评价/评估,Die Bewertung eines Protokolls betrachtet Effizienz Zuverlässigkeit und Overhead.（协议评估会考察效率、可靠性和开销。）
big-endian,大端序,Bei big-endian steht das höchstwertige Byte zuerst.（大端序中最高有效字节在前。）
Binary Exponential Backoff,二进制指数退避,Binary Exponential Backoff vergrößert das Wartefenster nach wiederholten Kollisionen.（二进制指数退避会在多次冲突后扩大等待窗口。）
Binärsystem,二进制系统,Das Binärsystem verwendet nur die Ziffern 0 und 1.（二进制系统只使用 0 和 1。）
Bit-Zeit,比特时间,Eine Bit-Zeit ist die Dauer zur Übertragung eines einzelnen Bits.（比特时间是传输一个比特所需的时间。）
Bitfehlerrate,比特错误率,Die Bitfehlerrate beschreibt den Anteil fehlerhaft übertragener Bits.（比特错误率表示传输错误的比特比例。）
Bitrate,比特率,Die Bitrate gibt die pro Sekunde übertragenen Bits an.（比特率表示每秒传输的比特数。）
Bitübertragung,比特传输,Die Bitübertragung beschreibt die physische Übertragung einzelner Bits.（比特传输描述单个比特在物理介质上的传送。）
Block,块,Ein Block kann mehrere kleinere Dateneinheiten zusammenfassen.（块可以把多个较小的数据单元组合起来。）
Bottleneck,瓶颈,Der Bottleneck bestimmt oft den Ende-zu-Ende-Durchsatz.（瓶颈链路通常决定端到端吞吐量。）
Broadcast,广播,Broadcast sendet einen Rahmen an alle Stationen im lokalen Netz.（广播把帧发送给本地网络中的所有站点。）
Broadcast-Adresse,广播地址,Eine Broadcast-Adresse adressiert alle Hosts in einem lokalen Netz.（广播地址用于寻址本地网络中的所有主机。）
Broadcast-Domäne,广播域,Eine Broadcast-Domäne umfasst alle Geräte die Broadcast-Rahmen empfangen.（广播域包含所有能收到广播帧的设备。）
BSD Sockets,BSD 套接字,BSD Sockets prägten die Programmierschnittstelle für TCP/IP-Kommunikation.（BSD 套接字奠定了 TCP/IP 通信编程接口。）
Byte-Strom,字节流,TCP behandelt Nutzdaten als geordneten Byte-Strom.（TCP 把用户数据视为有序字节流。）
Carrier Sensing,载波侦听,Carrier Sensing prüft vor dem Senden ob das Medium frei ist.（载波侦听在发送前检查介质是否空闲。）
CAT5,五类双绞线,CAT5 beschreibt eine Kabelkategorie für Ethernet-Verkabelung.（CAT5 表示以太网布线中的五类线缆类别。）
CDMA,码分多址,CDMA trennt Nutzer durch unterschiedliche Codes auf demselben Medium.（CDMA 通过不同编码在同一介质上区分用户。）
CERN,欧洲核子研究中心,Am CERN entstand das World Wide Web.（万维网诞生于 CERN。）
Checkbits,校验位,Checkbits werden zusätzlich zu Nutzdaten übertragen.（校验位随用户数据一起额外传输。）
Checksum,校验和,Die Checksum erkennt Übertragungsfehler in Headern oder Nutzdaten.（校验和用于检测头部或用户数据中的传输错误。）
CIDR,无类别域间路由,CIDR verwendet Präfixlängen statt fester Adressklassen.（CIDR 使用前缀长度，而不是固定地址类别。）
Classful Network,有类别网络,Classful Networks teilen IPv4-Adressen in feste Klassen ein.（有类别网络把 IPv4 地址划分为固定类别。）
Client,客户端,Ein Client initiiert typischerweise die Kommunikation mit einem Server.（客户端通常主动发起与服务器的通信。）
Client-Server,客户端-服务器模型,Im Client-Server-Modell wartet der Server auf Anfragen von Clients.（在客户端-服务器模型中，服务器等待客户端请求。）
CLS,关闭连接控制消息,CLS kann in einem abstrakten Protokoll die Verbindungsfreigabe markieren.（CLS 可在抽象协议中表示释放连接。）
Code-Matrix,编码矩阵,Eine Code-Matrix kann gültige und ungültige Codewörter darstellen.（编码矩阵可表示有效和无效码字。）
Codewort,码字,Ein Codewort ist eine gültige codierte Darstellung von Daten.（码字是数据的一种有效编码表示。）
Codewörter,码字集合,Codewörter mit größerem Hammingabstand erlauben bessere Fehlererkennung.（汉明距离更大的码字集合有更好的错误检测能力。）
Codierung,编码,Codierung bildet Daten auf eine übertragbare Darstellung ab.（编码把数据映射为可传输的表示形式。）
Collision Avoidance,冲突避免,Collision Avoidance versucht Kollisionen vor dem Senden zu vermeiden.（冲突避免试图在发送前避免冲突。）
Collision Detection,冲突检测,Collision Detection erkennt eine Kollision während einer laufenden Übertragung.（冲突检测在传输过程中发现冲突。）
Congestion Avoidance,拥塞避免,Congestion Avoidance erhöht CongWin meist linear.（拥塞避免阶段通常线性增加拥塞窗口。）
Congestion Control,拥塞控制,Congestion Control schützt das Netz vor Überlastung durch zu viele Segmente.（拥塞控制防止过多报文段使网络过载。）
Congestion-Avoidance-Phase,拥塞避免阶段,In der Congestion-Avoidance-Phase wächst das Fenster langsamer.（拥塞避免阶段窗口增长更慢。）
CongWin,拥塞窗口,CongWin begrenzt die Menge unbestätigter Daten im Netz.（拥塞窗口限制网络中尚未确认的数据量。）
CORBA,公共对象请求代理体系结构,CORBA ist ein Beispiel für Middleware in verteilten Systemen.（CORBA 是分布式系统中间件的一个例子。）
Core Router,核心路由器,Ein Core Router verarbeitet Verkehr im Kern eines großen Netzes.（核心路由器处理大型网络核心中的流量。）
CPU,中央处理器,CPU-Leistung kann die Verarbeitung von Paketen beeinflussen.（CPU 性能会影响分组处理能力。）
CRC,循环冗余校验,CRC erkennt viele typische Übertragungsfehler in Rahmen.（CRC 能检测帧中的许多典型传输错误。）
CRC-32,32 位循环冗余校验,CRC-32 ist eine häufig verwendete CRC-Variante mit 32 Prüfbits.（CRC-32 是常用的 32 位 CRC 校验形式。）
CSMA,载波侦听多路访问,CSMA erlaubt Stationen nach Prüfung des Mediums zu senden.（CSMA 允许站点在检查介质后发送。）
CSMA/CD,载波侦听多路访问/冲突检测,CSMA/CD erkennt Kollisionen während der Übertragung.（CSMA/CD 在传输过程中检测冲突。）
CTS,允许发送,CTS bestätigt bei MACA dass der Sender übertragen darf.（CTS 在 MACA 中确认发送方可以发送。）
CTS-Paket,允许发送分组,Ein CTS-Paket erlaubt nach einem RTS die Datenübertragung.（CTS 分组在 RTS 后允许进行数据传输。）
Darstellung,表示/表达形式,Die Darstellung einer Adresse kann binär dezimal oder hexadezimal erfolgen.（地址可以用二进制、十进制或十六进制表示。）
Darstellungsschicht,表示层,Die Darstellungsschicht kümmert sich um Kodierung und Datenformate.（表示层负责编码和数据格式。）
Data Circuit,数据电路,Ein Data Circuit beschreibt im OSI-Kontext eine Datenverbindung.（Data Circuit 在 OSI 语境中描述数据连接。）
Data Link Layer,数据链路层,Der Data Link Layer kümmert sich um Frames auf einer direkten Verbindung.（数据链路层处理直连链路上的帧。）
Data Unit,数据单元,Data Unit ist ein Oberbegriff für strukturierte Daten in Schichtenmodellen.（数据单元是分层模型中结构化数据的统称。）
Datagram Socket,数据报套接字,Ein Datagram Socket wird häufig für UDP-Kommunikation verwendet.（数据报套接字常用于 UDP 通信。）
Datagramm,数据报,Ein Datagramm wird unabhängig von anderen Datagrammen übertragen.（数据报作为独立单元进行传输。）
Dateneinheit,数据单元,Eine Dateneinheit wird je nach Schicht unterschiedlich benannt.（数据单元在不同层有不同名称。）
Datenfluss,数据流,Der Datenfluss zeigt wie Nutzdaten und Steuerinformationen durch die Schichten wandern.（数据流展示用户数据和控制信息如何穿过各层。）
Datenrate,数据率,Die Datenrate beschreibt die Geschwindigkeit der Datenübertragung.（数据率描述数据传输速度。）
Datenübertragung,数据传输,Datenübertragung umfasst Bitübertragung und Schutz auf der Verbindung.（数据传输包括比特传送以及链路上的保护机制。）
DCT,离散余弦变换,DCT wird bei Quellencodierung und Bildkompression eingesetzt.（DCT 用于信源编码和图像压缩。）
DE-NIC,德国互联网域名注册机构,DE-NIC verwaltet die deutsche Top-Level-Domain .de.（DE-NIC 管理德国 .de 顶级域。）
DEE,数据终端设备,DEE bezeichnet Endgeräte an einer Kommunikationsschnittstelle.（DEE 表示通信接口处的数据终端设备。）
Dezimalsystem,十进制系统,Das Dezimalsystem verwendet zehn Ziffern.（十进制系统使用十个数字。）
DHCP,动态主机配置协议,DHCP kann IP-Adressen automatisch an Hosts vergeben.（DHCP 可自动为主机分配 IP 地址。）
Dienst,服务,Ein Dienst beschreibt was eine Schicht für die darüberliegende Schicht leistet.（服务描述一层为上层提供什么功能。）
Dienst-Daten-Einheit,服务数据单元,Eine Dienst-Daten-Einheit entspricht der SDU an einer Schnittstelle.（服务数据单元对应接口处的 SDU。）
Dijkstra-Algorithmus,Dijkstra 最短路算法,Der Dijkstra-Algorithmus berechnet kürzeste Wege in einem Graphen.（Dijkstra 算法用于在图中计算最短路径。）
Distance Vector,距离向量,Distance Vector Routing nutzt Informationen von direkten Nachbarn.（距离向量路由使用直接邻居提供的信息。）
Distanz-Vektor-Algorithmus,距离向量算法,Ein Distanz-Vektor-Algorithmus aktualisiert Routen mit Nachbarinformationen.（距离向量算法用邻居信息更新路由。）
DNS,域名系统,DNS löst Namen wie www.ifi.lmu.de in IP-Adressen auf.（DNS 把 www.ifi.lmu.de 等名称解析为 IP 地址。）
dotted-decimal,点分十进制,IPv4-Adressen werden oft in dotted-decimal notation geschrieben.（IPv4 地址常用点分十进制表示。）
DQDB,分布式队列双总线,DQDB ist ein Beispiel für ein Zugriffsverfahren in Netzen.（DQDB 是网络访问方法的一个例子。）
Drei-Wege-Handschlag,三次握手,Der Drei-Wege-Handschlag entspricht dem 3-Way-Handshake.（Drei-Wege-Handschlag 对应三次握手。）
Drop,丢弃,Ein Router kann ein Paket bei voller Warteschlange droppen.（当队列已满时，路由器可能丢弃分组。）
Dual-Stack,双协议栈,Dual-Stack erlaubt IPv4 und IPv6 parallel auf demselben System.（双协议栈允许同一系统并行使用 IPv4 和 IPv6。）
Duplikat,重复报文,Sequenznummern helfen beim Erkennen von Duplikaten.（序列号有助于识别重复报文。）
Durchsatz,吞吐量,Der Durchsatz beschreibt die pro Zeit erfolgreich übertragene Datenmenge.（吞吐量表示单位时间内成功传输的数据量。）
Dynamic/Private Ports,动态/私有端口,Dynamic/Private Ports werden häufig für kurzlebige Client-Verbindungen verwendet.（动态或私有端口常用于临时客户端连接。）
Dämpfung,衰减,Dämpfung verringert die Signalstärke auf dem Übertragungsmedium.（衰减会降低传输介质上的信号强度。）
E-Mail,电子邮件,E-Mail nutzt Protokolle wie SMTP IMAP oder POP.（电子邮件使用 SMTP、IMAP 或 POP 等协议。）
E2E,端到端,E2E steht für Ende-zu-Ende.（E2E 表示端到端。）
ECN,显式拥塞通知,ECN kann Überlast signalisieren ohne Pakete zu verwerfen.（ECN 可在不丢弃分组的情况下显式通知拥塞。）
EGP,外部网关协议,EGP bezeichnet Routing-Protokolle zwischen autonomen Systemen.（EGP 指自治系统之间的路由协议。）
EIA,电子工业联盟,EIA ist an Standards für Schnittstellen und Verkabelung beteiligt.（EIA 参与接口和布线标准。）
Eigenschaft,性质/特性,Eine wichtige Eigenschaft von TCP ist zuverlässige Übertragung.（TCP 的重要特性之一是可靠传输。）
Einführung,导论/引入,Die Einführung erklärt zuerst Motivation und Grundbegriffe.（导论先解释动机和基本概念。）
Ende-zu-Ende,端到端,Ende-zu-Ende-Kommunikation betrachtet Sender und Empfänger als logische Partner.（端到端通信把发送方和接收方视为逻辑通信伙伴。）
Ende-zu-Ende-Durchsatz,端到端吞吐量,Der Ende-zu-Ende-Durchsatz wird oft durch den Bottleneck begrenzt.（端到端吞吐量常由瓶颈链路限制。）
Ende-zu-Ende-Prinzip,端到端原则,Das Ende-zu-Ende-Prinzip verlagert Funktionen möglichst an die Endsysteme.（端到端原则尽量把功能放到端系统实现。）
Ende-zu-Ende-Verbindung,端到端连接,TCP stellt eine logische Ende-zu-Ende-Verbindung bereit.（TCP 提供逻辑上的端到端连接。）
Endsystem,端系统,Ein Endsystem ist Quelle oder Ziel einer Kommunikation.（端系统是一次通信的源或目的地。）
Entropiecodierung,熵编码,Entropiecodierung reduziert Redundanz anhand statistischer Häufigkeiten.（熵编码根据统计频率减少冗余。）
Erläutern,解释/阐明,Erläutern Sie den Unterschied zwischen verbindungsloser und verbindungsorientierter Kommunikation.（请解释无连接通信和面向连接通信的区别。）
Ermitteln,求出/确定,Ermitteln Sie die MAC-Adresse mithilfe einer ARP-Anfrage.（请借助 ARP 请求确定 MAC 地址。）
Erweiterungs-Header,扩展头,IPv6 nutzt Erweiterungs-Header für optionale Zusatzinformationen.（IPv6 使用扩展头携带可选附加信息。）
ESTABLISHED,已建立状态,ESTABLISHED zeigt bei TCP eine aktive Verbindung an.（ESTABLISHED 表示 TCP 连接已建立。）
Ethernet,以太网,Ethernet ist eine verbreitete Technik der Netzanschlussschicht.（以太网是网络接入层的常见技术。）
Fast Recovery,快速恢复,Fast Recovery setzt nach Fast Retransmit nicht sofort wieder bei Slow Start an.（快速恢复在快速重传后不立即回到慢启动。）
Fast Retransmit,快速重传,Fast Retransmit wiederholt verlorene Segmente vor einem Timeout.（快速重传可在超时前重发丢失的报文段。）
FDDI,光纤分布式数据接口,FDDI ist eine ältere LAN-Technik auf Glasfaserbasis.（FDDI 是一种较早的基于光纤的局域网技术。）
FDMA,频分多址,FDMA teilt das Medium in unterschiedliche Frequenzbereiche auf.（FDMA 把介质划分为不同频段。）
Fehlererkennung,错误检测,Fehlererkennung findet beschädigte Daten durch Prüfbits oder CRC.（错误检测通过校验位或 CRC 发现受损数据。）
Fehlerkorrektur,错误纠正,Fehlerkorrektur kann bestimmte Übertragungsfehler ohne erneutes Senden beheben.（错误纠正可在不重传的情况下修复某些传输错误。）
FFT,快速傅里叶变换,FFT wird zur effizienten Analyse von Frequenzanteilen verwendet.（FFT 用于高效分析频率成分。）
FIN,连接终止标志,FIN markiert bei TCP das Schließen einer Verbindungsrichtung.（FIN 在 TCP 中表示关闭某个连接方向。）
Firmennetz,企业网络,Ein Firmennetz verbindet Systeme innerhalb einer Organisation.（企业网络连接组织内部的系统。）
Flooding,泛洪路由,Flooding sendet eingehende Nachrichten an fast alle Nachbarn weiter.（泛洪路由把收到的消息转发给几乎所有邻居。）
Flow Control,流量控制,Flow Control verhindert dass der Empfänger überlastet wird.（流量控制防止接收方过载。）
Flow Label,流标签,Das IPv6 Flow Label kann Pakete eines Datenflusses markieren.（IPv6 流标签可标记同一数据流的分组。）
Flusskontrolle,流量控制,Flusskontrolle verhindert eine Überlastung des Empfängers.（流量控制防止接收方过载。）
Forwarding,转发,Forwarding leitet ein Paket anhand der Routingtabelle zum nächsten Hop.（转发根据路由表把分组送往下一跳。）
Four-Way-Handshake,四次握手,Ein Four-Way-Handshake kann für bestimmte Verbindungsfreigaben nötig sein.（某些连接释放过程可能需要四次握手。）
Fragment,片段,Ein Fragment entsteht wenn eine Dateneinheit aufgeteilt wird.（片段是数据单元被拆分后形成的部分。）
Fragmentierung,分片,Fragmentierung zerlegt große Pakete in kleinere Fragmente.（分片把大分组拆成较小片段。）
Frame,帧,Ein Frame ist die typische PDU der Sicherungsschicht.（帧通常是数据链路层的协议数据单元。）
Frequenzbereich,频率范围,Der Frequenzbereich bestimmt welche Signale über ein Medium nutzbar sind.（频率范围决定介质上可用的信号范围。）
Fritz-Box,Fritz!Box 家用路由器,Eine Fritz-Box ist ein typischer Router im Heimnetz.（Fritz!Box 是家庭网络中的典型路由器。）
FTP,文件传输协议,FTP ist ein Protokoll der Anwendungsschicht für Dateiübertragung.（FTP 是用于文件传输的应用层协议。）
Gateway,网关,Ein Gateway verbindet unterschiedliche Netze oder Protokollwelten.（网关连接不同网络或不同协议环境。）
Gateway Router,网关路由器,Ein Gateway Router verbindet mehrere Vermittlungsnetze.（网关路由器连接多个交换网络。）
Gegensatz,相反/对比,Im Gegensatz zu TCP ist UDP verbindungslos.（与 TCP 相比，UDP 是无连接的。）
Generator-Polynom,生成多项式,Ein Generator-Polynom bestimmt die CRC-Berechnung.（生成多项式决定 CRC 的计算方式。）
GIOP,通用ORB间协议,GIOP gehört zur Kommunikation in CORBA-Systemen.（GIOP 属于 CORBA 系统中的通信协议。）
Go-Back-N,回退 N 协议,Go-Back-N wiederholt nach einem Verlust mehrere folgende Segmente.（回退 N 协议在丢失后重传多个后续报文段。）
Grundlagen,基础,Die Grundlagen behandeln Schichten Dienste Schnittstellen und Protokolle.（基础部分讨论层、服务、接口和协议。）
Hammingabstand,汉明距离,Der Hammingabstand misst die Anzahl unterschiedlicher Stellen zweier Codewörter.（汉明距离度量两个码字不同位置的数量。）
Handschlag-Protokoll,握手协议,Ein Handschlag-Protokoll synchronisiert Kommunikationspartner.（握手协议用于同步通信双方。）
Header,头部,Ein Header enthält Steuerinformationen einer Protokollschicht.（头部包含某一协议层的控制信息。）
Header Length,头部长度,Header Length gibt die Länge eines Protokollheaders an.（头部长度字段表示协议头部长度。）
Hexadezimalsystem,十六进制系统,Das Hexadezimalsystem wird oft zur kompakten Darstellung von Bytes genutzt.（十六进制常用于紧凑表示字节。）
Hintergrund,背景,Der technische Hintergrund erklärt warum IPv4-Adressen knapp wurden.（技术背景解释了为什么 IPv4 地址变得紧缺。）
Hintergründe,背景资料/来龙去脉,TOR-Hintergründe helfen die Motivation und Funktionsweise zu verstehen.（TOR 的背景资料有助于理解其动机和工作方式。）
Hinweis,提示,Ein Hinweis kann eine Annahme für die Berechnung festlegen.（提示可能给出计算所需的假设。）
Hop-by-Hop,逐跳,Hop-by-Hop-Verarbeitung geschieht an jedem Router entlang des Pfades.（逐跳处理发生在路径上的每台路由器。）
Host,主机,Ein Host ist ein adressierbares Endsystem im Netz.（主机是网络中可寻址的端系统。）
Host-ID,主机号,Die Host-ID identifiziert einen Host innerhalb eines Netzes.（主机号标识某个网络内部的具体主机。）
Hot Potato,热土豆路由,Hot Potato Routing gibt Pakete möglichst schnell an einen Ausgang weiter.（热土豆路由尽快把分组交给某个输出链路。）
HTTP,超文本传输协议,HTTP nutzt häufig TCP zum Transport von Anfragen und Antworten.（HTTP 通常使用 TCP 传输请求和响应。）
HTTP-Request,HTTP 请求,Ein HTTP-Request fordert eine Ressource von einem Server an.（HTTP 请求向服务器请求资源。）
Hub,集线器,Ein Hub verteilt eingehende Signale an alle angeschlossenen Ports.（集线器把收到的信号分发到所有连接端口。）
Hypertext,超文本,Hypertext verknüpft Dokumente über Links.（超文本通过链接连接文档。）
IANA,互联网号码分配机构,IANA verwaltet unter anderem Portnummern und Adressbereiche.（IANA 管理端口号和地址空间等资源。）
ICANN,互联网名称与数字地址分配机构,ICANN koordiniert zentrale Namens- und Nummernressourcen des Internets.（ICANN 协调互联网核心名称和号码资源。）
ICI,接口控制信息,ICI beschreibt Steuerinformationen an einer Dienstschnittstelle.（ICI 表示服务接口处的控制信息。）
ICMP,互联网控制报文协议,ICMP wird für Fehler- und Diagnosemeldungen im Internet verwendet.（ICMP 用于互联网中的错误和诊断消息。）
Identifizieren,识别/找出,Identifizieren Sie die Segmente die zum Verbindungsabbau gehören.（请识别属于连接释放过程的报文段。）
IDU,接口数据单元,Eine IDU besteht aus ICI und ID an einer Schichtgrenze.（IDU 由层间接口处的 ICI 和 ID 组成。）
IEEE,电气与电子工程师协会,IEEE standardisiert viele LAN-Techniken wie Ethernet.（IEEE 标准化了以太网等许多局域网技术。）
IETF,互联网工程任务组,Die IETF entwickelt und veröffentlicht Internet-Standards.（IETF 制定并发布互联网标准。）
IGP,内部网关协议,IGP bezeichnet Routing-Protokolle innerhalb eines autonomen Systems.（IGP 指自治系统内部的路由协议。）
IHL,互联网头部长度,IHL gibt die Länge des IPv4-Headers an.（IHL 表示 IPv4 头部长度。）
IMAP,互联网消息访问协议,IMAP dient dem Zugriff auf E-Mail-Postfächer.（IMAP 用于访问电子邮件邮箱。）
IMP,接口消息处理机,Der IMP war ein früher Paketvermittler im ARPANET.（IMP 是 ARPANET 中早期的分组交换设备。）
Inter-AS,自治系统之间,Inter-AS-Routing verbindet unterschiedliche autonome Systeme.（Inter-AS 路由连接不同自治系统。）
Internet Checksumme,互联网校验和,Die Internet Checksumme ist ein einfaches Prüfsummenverfahren.（互联网校验和是一种简单的校验方法。）
Internet Engineering Task Force,互联网工程任务组,Die Internet Engineering Task Force ist als IETF bekannt.（Internet Engineering Task Force 即 IETF。）
Internet Header Length,互联网头部长度,Internet Header Length bezeichnet das IHL-Feld im IPv4-Header.（Internet Header Length 指 IPv4 头部中的 IHL 字段。）
Internet Message Access Protocol,互联网消息访问协议,Internet Message Access Protocol ist die ausgeschriebene Form von IMAP.（Internet Message Access Protocol 是 IMAP 的全称。）
Internet Protocol Security,互联网协议安全,Internet Protocol Security schützt IP-Kommunikation kryptographisch.（IPsec 对 IP 通信提供密码学保护。）
Internet Protocol Suite,互联网协议族,Die Internet Protocol Suite umfasst Protokolle wie IP TCP und UDP.（互联网协议族包含 IP、TCP、UDP 等协议。）
Internet Service Provider,互联网服务提供商,Ein Internet Service Provider verbindet Kunden mit dem Internet.（互联网服务提供商把客户接入互联网。）
Internet Society,互联网协会,Die Internet Society unterstützt offene Entwicklung des Internets.（互联网协会支持互联网的开放发展。）
Internet-Anwendungsschicht,互联网应用层,Die Internet-Anwendungsschicht umfasst Protokolle wie HTTP und SMTP.（互联网应用层包含 HTTP 和 SMTP 等协议。）
Internet-Schichtenmodell,互联网分层模型,Das Internet-Schichtenmodell ordnet Protokolle funktionalen Schichten zu.（互联网分层模型把协议按功能划分到各层。）
Internetmodell,互联网分层模型,Das Internetmodell gliedert Kommunikation in Anwendung Transport Vermittlung und Netzanschluss.（互联网模型把通信划分为应用、传输、网络和网络接入层。）
Internetworking,互联网络技术,Internetworking verbindet mehrere Netze zu einem größeren Verbundnetz.（互联网络技术把多个网络连接成更大的互联网络。）
Intra-AS,自治系统内部,Intra-AS-Routing findet innerhalb eines autonomen Systems statt.（Intra-AS 路由发生在自治系统内部。）
IP,网际协议,IP transportiert Pakete über mehrere Netze hinweg.（IP 负责跨多个网络传输分组。）
IP-Adresse,IP 地址,Eine IP-Adresse dient zur Adressierung einer Netzschnittstelle.（IP 地址用于寻址一个网络接口。）
IP-Datagramm,IP 数据报,Ein IP-Datagramm trägt Header und Nutzdaten der Vermittlungsschicht.（IP 数据报携带网络层头部和用户数据。）
IP-Header,IP 头部,Der IP-Header enthält Zieladresse Quelladresse und weitere Steuerfelder.（IP 头部包含源地址、目的地址和其他控制字段。）
IP-Paket,IP 分组,Ein IP-Paket wird von Routern anhand der Zieladresse weitergeleitet.（IP 分组由路由器根据目的地址转发。）
IP-Pseudoheader,IP 伪头部,Der IP-Pseudoheader wird bei TCP und UDP in die Prüfsumme einbezogen.（IP 伪头部会参与 TCP 和 UDP 校验和计算。）
IPsec,IP 安全协议,IPsec kann Authentizität und Vertraulichkeit für IP-Pakete bieten.（IPsec 可为 IP 分组提供认证性和保密性。）
IPv4,IPv4 协议,IPv4 verwendet 32 Bit lange Adressen.（IPv4 使用 32 位地址。）
IPv6,IPv6 协议,IPv6 erweitert den Adressraum gegenüber IPv4 erheblich.（IPv6 相比 IPv4 大幅扩展了地址空间。）
ISDN,综合业务数字网,ISDN ist eine ältere digitale Zugangstechnik.（ISDN 是较早的数字接入技术。）
ISN,初始序列号,ISN bezeichnet die initiale Sequenznummer einer TCP-Verbindung.（ISN 表示 TCP 连接的初始序列号。）
ISO/OSI-Referenzmodell,ISO/OSI 参考模型,Das ISO/OSI-Referenzmodell beschreibt Kommunikation mit sieben Schichten.（ISO/OSI 参考模型用七层描述通信系统。）
IT-Sicherheit,信息技术安全,IT-Sicherheit ist auch in Netzarchitekturen ein zentrales Thema.（IT 安全也是网络体系结构中的核心议题。）
ITU,国际电信联盟,Die ITU standardisiert viele Telekommunikationstechniken.（ITU 标准化许多电信技术。）
IWU,互联单元,Eine IWU kann Aufgaben an der Grenze zwischen Subnetzen übernehmen.（IWU 可承担子网边界处的互联任务。）
Jam-Signal,阻塞信号,Ein Jam-Signal macht bei CSMA/CD eine erkannte Kollision sichtbar.（阻塞信号在 CSMA/CD 中通知检测到冲突。）
JPEG,JPEG 图像编码,JPEG verwendet Transformation und Quantisierung zur Bildkompression.（JPEG 使用变换和量化进行图像压缩。）
Kanal,信道,Ein Kanal überträgt Signale zwischen Kommunikationspartnern.（信道在通信伙伴之间传递信号。）
KISS-Prinzip,KISS 原则,Das KISS-Prinzip fordert möglichst einfache Systementwürfe.（KISS 原则要求系统设计尽量简单。）
Knoten,节点,Ein Knoten kann Pakete empfangen verarbeiten und weiterleiten.（节点可以接收、处理并转发分组。）
Kollision,冲突,Eine Kollision entsteht wenn mehrere Stationen gleichzeitig senden.（多个站点同时发送时会发生冲突。）
Kollisionsdomäne,冲突域,Eine Kollisionsdomäne umfasst Stationen deren Übertragungen kollidieren können.（冲突域包含传输可能互相冲突的站点。）
Kollisionserkennung,冲突检测,Kollisionserkennung stellt fest ob eine Übertragung gestört wurde.（冲突检测判断一次传输是否受到冲突干扰。）
Kommunikations-Middleware,通信中间件,Kommunikations-Middleware kapselt Details der Netzkommunikation.（通信中间件封装网络通信细节。）
Kommunikationssteuerungsschicht,通信控制层,Die Kommunikationssteuerungsschicht entspricht im OSI-Kontext der Sitzungsschicht.（通信控制层在 OSI 语境中对应会话层。）
Konzeption,构想/设计思路,Die Konzeption eines Protokolls legt Nachrichten und Zustände fest.（协议构想会规定消息和状态。）
Konzeptionelle Sicht,概念视角,Die konzeptionelle Sicht zeigt MACA ohne Implementierungsdetails.（概念视角展示 MACA，而不涉及实现细节。）
Koppelkomponente,互连设备,Koppelkomponenten wie Switches verbinden mehrere LAN-Segmente.（交换机等互连设备连接多个局域网段。）
Kosten-Attribut,代价属性,Ein Kosten-Attribut bewertet Links in Routing-Algorithmen.（代价属性在路由算法中评价链路。）
Kosten-Nutzen-Abwägung,成本收益权衡,Zuverlässigkeit erfordert oft eine Kosten-Nutzen-Abwägung.（可靠性通常需要进行成本收益权衡。）
LAN,局域网,Ein LAN verbindet Geräte in einem lokalen Bereich.（局域网连接本地范围内的设备。）
Lauflängencodierung,游程编码,Lauflängencodierung ersetzt Folgen gleicher Zeichen durch Länge und Wert.（游程编码用长度和值替代连续相同符号。）
Layer,层,Ein Layer bietet Dienste nach oben und nutzt Dienste darunter.（一层向上提供服务并使用下层服务。）
LED,发光二极管,LEDs können als Lichtquellen in Übertragungssystemen dienen.（LED 可作为传输系统中的光源。）
Leitungscodierung,线路编码,Leitungscodierung stellt Bitfolgen durch Signalelemente dar.（线路编码用信号元素表示比特序列。）
Leitungsvermittlung,电路交换,Leitungsvermittlung reserviert Ressourcen für die Dauer einer Verbindung.（电路交换在连接持续期间预留资源。）
Lichtwellenleiter,光纤,Lichtwellenleiter übertragen Daten mit optischen Signalen.（光纤使用光信号传输数据。）
Link,链路,Ein Link verbindet zwei benachbarte Netzkomponenten.（链路连接两个相邻的网络组件。）
Link Adapter,链路适配器,Ein Link Adapter verbindet einen Host mit einem Übertragungsmedium.（链路适配器把主机连接到传输介质。）
Link Control,链路控制,Link Control beschreibt Steuerfunktionen der Sicherungsschicht.（链路控制描述数据链路层的控制功能。）
Link State,链路状态,Link-State-Routing nutzt Informationen über die Topologie des Netzes.（链路状态路由使用网络拓扑信息。）
Link-local,链路本地,Link-local-Adressen gelten nur auf einem einzelnen Link.（链路本地地址只在单条链路上有效。）
Link-State-Routing,链路状态路由,Link-State-Routing verteilt Informationen über Linkkosten und Topologie.（链路状态路由传播链路代价和拓扑信息。）
LISTEN,监听状态,LISTEN zeigt einen Server Socket der auf Verbindungen wartet.（LISTEN 表示服务器套接字正在等待连接。）
LLC,逻辑链路控制,LLC bildet im OSI-Modell einen Teil der Sicherungsschicht.（LLC 是 OSI 模型中数据链路层的一部分。）
Loopback-Adresse,回环地址,Die Loopback-Adresse verweist auf den lokalen Host.（回环地址指向本地主机。）
LOTOS,时序逻辑规范语言,LOTOS kann zur formalen Beschreibung von Protokollen dienen.（LOTOS 可用于协议的形式化描述。）
LSP,链路状态分组,Ein LSP verteilt Link-State-Informationen im Netz.（LSP 在网络中分发链路状态信息。）
LTE,长期演进移动通信,LTE verbindet mobile Endsysteme mit dem Internet.（LTE 把移动端系统连接到互联网。）
LWL,光纤,LWL ist die Abkürzung für Lichtwellenleiter.（LWL 是光纤的德语缩写。）
MAC,介质访问控制,MAC regelt den Zugriff mehrerer Stationen auf ein gemeinsames Medium.（MAC 规定多个站点如何访问共享介质。）
MAC-Adresse,MAC 地址,Eine MAC-Adresse identifiziert eine Netzwerkschnittstelle auf Schicht 2.（MAC 地址在第二层标识网络接口。）
MAC-Feld,MAC 字段,MAC-Felder enthalten Quell- und Zieladressen im Ethernet-Rahmen.（MAC 字段包含以太网帧中的源和目的地址。）
MAC-Port-Paar,MAC-端口对,Ein Switch lernt MAC-Port-Paare aus empfangenen Rahmen.（交换机从收到的帧中学习 MAC-端口对。）
MACA,带冲突避免的多路访问,MACA nutzt RTS und CTS zur Vermeidung von Kollisionen.（MACA 使用 RTS 和 CTS 来避免冲突。）
MACAW,无线 MACA,MACAW erweitert MACA für drahtlose Kommunikation.（MACAW 是面向无线通信的 MACA 扩展。）
man-Page,手册页,Eine man-Page dokumentiert Befehle wie ping oder traceroute.（man 手册页记录 ping 或 traceroute 等命令。）
Manchester-Codierung,曼彻斯特编码,Manchester-Codierung kombiniert Taktrückgewinnung und Datenbits im Signal.（曼彻斯特编码在信号中同时携带时钟恢复信息和数据比特。）
Masquerading,地址伪装,Masquerading verbirgt private Hosts hinter einer öffentlichen Adresse.（地址伪装把私有主机隐藏在一个公共地址之后。）
Maßnahme,措施,Eine Maßnahme gegen Adressknappheit ist Network Address Translation.（应对地址短缺的一项措施是网络地址转换。）
Media Access Control,介质访问控制,Media Access Control ist die ausgeschriebene Form von MAC.（Media Access Control 是 MAC 的全称。）
Medienzugriff,介质访问,Medienzugriff beschreibt wie Stationen ein gemeinsames Medium nutzen.（介质访问描述站点如何使用共享介质。）
Medium,传输介质,Das Medium beeinflusst die Signallaufzeit und mögliche Datenrate.（传输介质影响信号传播时间和可用数据率。）
Message Sequence Chart,消息序列图,Ein Message Sequence Chart beschreibt Nachrichten über die Zeit.（消息序列图按时间描述消息交互。）
Metric,路由度量,Eine Metric bewertet die Kosten eines Pfades.（路由度量用于评价一条路径的代价。）
Middleware,中间件,Middleware kann verteilte Systeme für Nutzer einheitlich erscheinen lassen.（中间件能让分布式系统在用户看来像一个统一系统。）
Modulation,调制,Modulation verändert ein Trägersignal zur Übertragung von Information.（调制通过改变载波信号来传输信息。）
Monomode,单模光纤,Monomode-Lichtwellenleiter führen Licht hauptsächlich in einem Modus.（单模光纤主要以单一模式传导光。）
Motivation,动机,Die Motivation erklärt warum Rechnernetze und verteilte Systeme wichtig sind.（动机部分解释为什么计算机网络与分布式系统重要。）
MPEG,动态图像专家组编码,MPEG-Standards beschreiben Verfahren zur Video- und Audiokompression.（MPEG 标准描述视频和音频压缩方法。）
MSL,报文最大生存期,MSL begrenzt wie lange alte Segmente im Netz bleiben können.（MSL 限制旧报文段在网络中可能存在的最长时间。）
MSS,最大报文段大小,MSS bezeichnet die maximale Nutzdatenmenge in einem TCP-Segment.（MSS 表示一个 TCP 报文段中的最大用户数据量。）
MTU,最大传输单元,Die MTU begrenzt die Größe einer übertragbaren Einheit auf einem Link.（MTU 限制链路上可传输数据单元的最大大小。）
Multicast,组播,Multicast adressiert eine Gruppe von Empfängern.（组播面向一组接收方寻址。）
Multicast-Adresse,组播地址,Eine Multicast-Adresse identifiziert eine Empfängergruppe.（组播地址标识一个接收方组。）
Multimode,多模光纤,Multimode-Lichtwellenleiter erlauben mehrere Ausbreitungsmoden.（多模光纤允许多个传播模式。）
Multiplexing,复用,Multiplexing erlaubt mehreren Anwendungen die gemeinsame Nutzung eines Dienstes.（复用允许多个应用共享同一服务。）
N-ICI,N 层接口控制信息,N-ICI bezeichnet Schnittstellenkontrollinformation auf Schicht N.（N-ICI 表示第 N 层接口控制信息。）
N-IDU,N 层接口数据单元,N-IDU besteht aus N-ICI und N-ID an einer Schichtgrenze.（N-IDU 由层边界处的 N-ICI 和 N-ID 组成。）
N-PDU,N 层协议数据单元,Eine N-PDU ist die Protokolldateneinheit der Schicht N.（N-PDU 是第 N 层协议数据单元。）
N-SDU,N 层服务数据单元,Eine N-SDU wird von einer höheren Schicht an Schicht N übergeben.（N-SDU 由上层交给第 N 层处理。）
Nachbarknoten,邻居节点,Routingverfahren tauschen Informationen oft mit Nachbarknoten aus.（路由方法常与邻居节点交换信息。）
Nachrichtenvermittlung,报文交换,Nachrichtenvermittlung speichert ganze Nachrichten vor dem Weiterleiten.（报文交换在转发前存储整条消息。）
NAK,否认确认,NAK signalisiert dass eine Nachricht nicht korrekt empfangen wurde.（NAK 表示消息未被正确接收。）
Name,名称,Ein Name ist für Menschen leichter zu merken als eine Adresse.（名称比地址更便于人记忆。）
Namensauflösung,名称解析,Namensauflösung bildet einen Namen auf eine Adresse ab.（名称解析把名称映射到地址。）
NAT,网络地址转换,NAT ersetzt private Quelladressen durch eine öffentliche Adresse.（NAT 把私有源地址替换为公共地址。）
NCP,网络控制协议,NCP war ein frühes Protokoll im ARPANET.（NCP 是 ARPANET 早期协议。）
Net ID,网络号,Die Net ID beschreibt den Netzanteil einer IP-Adresse.（网络号表示 IP 地址中的网络部分。）
Network Address Translation,网络地址转换,Network Address Translation ist die ausgeschriebene Form von NAT.（Network Address Translation 是 NAT 的全称。）
Network Control Protocol,网络控制协议,Network Control Protocol bezeichnet NCP im historischen ARPANET-Kontext.（Network Control Protocol 指历史 ARPANET 语境中的 NCP。）
Network Layer,网络层,Der Network Layer entscheidet über Weiterleitung und Routing.（网络层负责转发和路由选择。）
Network Working Group,网络工作组,Die Network Working Group erstellte frühe Internet-Protokolldokumente.（Network Working Group 编写了早期互联网协议文档。）
Netzanschluss,网络接入,Der Netzanschluss verbindet ein Endsystem mit dem Kommunikationsnetz.（网络接入把端系统连接到通信网络。）
Netzverzögerung,网络时延,Netzverzögerung beeinflusst die Dauer von Handshake und Datenübertragung.（网络时延影响握手和数据传输的耗时。）
Netzwerkadresse,网络地址,Eine Netzwerkadresse beschreibt den Anfang eines Adressblocks.（网络地址表示一个地址块的起始地址。）
Netzwerkkarte,网卡,Eine Netzwerkkarte verbindet ein Endsystem mit dem lokalen Netz.（网卡把端系统连接到本地网络。）
Netzwerkschnittstelle,网络接口,Eine Netzwerkschnittstelle benötigt eine eigene IP-Adresse.（网络接口需要自己的 IP 地址。）
Next Hop,下一跳,Der Next Hop ist der nächste Router auf dem Weg zum Ziel.（下一跳是通往目标路径上的下一个路由器。）
NIC,网络接口卡,NIC steht für Network Interface Card.（NIC 表示网络接口卡。）
NRZ,不归零编码,NRZ ist ein einfaches Leitungscodierungsverfahren.（NRZ 是一种简单的线路编码方法。）
NTP,网络时间协议,NTP synchronisiert Uhren über ein Netzwerk.（NTP 通过网络同步时钟。）
Nutzdaten,用户数据,Nutzdaten sind die eigentlichen Daten oberhalb der Steuerinformation.（用户数据是控制信息之外真正要传输的数据。）
Oktalsystem,八进制系统,Das Oktalsystem verwendet die Ziffern 0 bis 7.（八进制系统使用数字 0 到 7。）
Open Shortest Path First,开放式最短路径优先,Open Shortest Path First ist die ausgeschriebene Form von OSPF.（Open Shortest Path First 是 OSPF 的全称。）
Open System Interconnection,开放系统互连,Open System Interconnection ist die ausgeschriebene Bedeutung von OSI.（Open System Interconnection 是 OSI 的全称含义。）
Options-Feld,选项字段,Das Options-Feld kann zusätzliche TCP-Informationen enthalten.（选项字段可包含额外 TCP 信息。）
Organisatorisches,课程组织事项,Organisatorisches umfasst Moodle Übungen Abgabe und Klausurinformationen.（课程组织事项包括 Moodle、习题、提交和考试信息。）
OSI-Modell,OSI 模型,Das OSI-Modell strukturiert Kommunikation in sieben Schichten.（OSI 模型把通信划分为七层。）
OSI-Schichtenmodell,OSI 分层模型,Das OSI-Schichtenmodell trennt Dienste Protokolle und Schnittstellen.（OSI 分层模型区分服务、协议和接口。）
OSPF,开放式最短路径优先协议,OSPF ist ein Link-State-Protokoll innerhalb autonomer Systeme.（OSPF 是自治系统内部的链路状态协议。）
Packet Loss,分组丢失,Packet Loss kann TCP zur Verringerung der Senderate veranlassen.（分组丢失可能促使 TCP 降低发送速率。）
Paket,分组/包,Ein Paket trägt Nutzdaten und Headerinformationen durch das Netz.（分组携带用户数据和头部信息穿过网络。）
Paketverlust,丢包,Paketverlust kann durch Überlastung oder Übertragungsfehler entstehen.（丢包可能由过载或传输错误导致。）
Paketvermittlung,分组交换,Paketvermittlung überträgt Nachrichten in einzelnen Paketen.（分组交换把消息拆成独立分组传输。）
Parität,奇偶校验,Parität nutzt die Anzahl der Einsen zur einfachen Fehlererkennung.（奇偶校验利用 1 的个数进行简单错误检测。）
Paritätsbit,奇偶校验位,Ein Paritätsbit wird an Daten angehängt um Fehler zu erkennen.（奇偶校验位附加在数据后用于检测错误。）
Paritätsmatrix,奇偶校验矩阵,Eine Paritätsmatrix kann mehrere Bitfehler besser lokalisieren.（奇偶校验矩阵能更好定位多个比特错误。）
Paritätsprüfung,奇偶校验检查,Paritätsprüfung erkennt Fehler mit ungerader Anzahl veränderter Bits.（奇偶校验检查能发现奇数个比特错误。）
PAWS,防止序列号回绕机制,PAWS nutzt Zeitstempel um alte TCP-Segmente zu erkennen.（PAWS 使用时间戳识别旧 TCP 报文段。）
Payload,载荷,Payload bezeichnet den Nutzdatenanteil einer Protokolleinheit.（载荷表示协议单元中的用户数据部分。）
PCI,协议控制信息,PCI enthält die Steuerinformation einer Protokollinstanz.（PCI 包含协议实例的控制信息。）
PCM,脉冲编码调制,PCM tastet analoge Signale ab und quantisiert sie digital.（PCM 对模拟信号采样并数字量化。）
PDU,协议数据单元,Eine PDU besteht aus PCI und Nutzdaten einer Schicht.（PDU 由某层的协议控制信息和用户数据组成。）
Peer-Entity,对等实体,Peer-Entities kommunizieren logisch auf derselben Schicht.（对等实体在同一层进行逻辑通信。）
Peer-Entität,对等实体,Eine Peer-Entität kommuniziert logisch mit einer Instanz derselben Schicht.（对等实体与同层实例进行逻辑通信。）
Petri-Netz,Petri 网,Petri-Netze können Abläufe in Protokollen modellieren.（Petri 网可建模协议流程。）
PHY,物理层实体,PHY bezeichnet die physikalische Schicht oder deren Implementierung.（PHY 表示物理层或其实现。）
Physical Layer,物理层,Der Physical Layer beschreibt Signale und Bitübertragung über Medien.（物理层描述信号以及介质上的比特传输。）
Pin-Belegung,引脚分配,Pin-Belegung beschreibt die Funktion einzelner Kontakte einer Schnittstelle.（引脚分配描述接口各触点的功能。）
POP,邮局协议,POP ist ein Protokoll zum Abrufen von E-Mails.（POP 是用于收取电子邮件的协议。）
Port,端口,Ein Port adressiert einen Dienst auf einem Host.（端口用于寻址主机上的某个服务。）
Port-Steuer-Info,端口控制信息,Port-Steuer-Info kann einen Dienstzugriff näher bestimmen.（端口控制信息可进一步确定服务访问。）
PPP,点对点协议,PPP wird für Punkt-zu-Punkt-Verbindungen auf der Netzanschlussschicht genutzt.（PPP 用于网络接入层的点对点连接。）
Presentation Layer,表示层,Presentation Layer ist die englische Bezeichnung der OSI-Darstellungsschicht.（Presentation Layer 是 OSI 表示层的英文名称。）
Protocol-Spalte,协议列,Die Protocol-Spalte in Wireshark zeigt den erkannten Protokolltyp.（Wireshark 的协议列显示识别出的协议类型。）
Protokoll,协议,Ein Protokoll legt Format Reihenfolge und Bedeutung von Nachrichten fest.（协议规定消息的格式、顺序和语义。）
Protokoll-Dateneinheit,协议数据单元,Protokoll-Dateneinheit ist die deutsche Langform von PDU.（Protokoll-Dateneinheit 是 PDU 的德语全称。）
Protokoll-Steuer-Information,协议控制信息,Protokoll-Steuer-Information ist die deutsche Langform von PCI.（Protokoll-Steuer-Information 是 PCI 的德语全称。）
Protokollinstanz,协议实例,Eine Protokollinstanz implementiert ein Protokoll in einem System.（协议实例是在系统中实现某协议的实体。）
Protokollschichtung,协议分层,Protokollschichtung reduziert Komplexität durch klare Zuständigkeiten.（协议分层通过清晰职责划分降低复杂性。）
Präambel,前导码,Die Ethernet-Präambel synchronisiert Empfänger vor dem eigentlichen Rahmen.（以太网前导码在真正帧内容前同步接收方。）
Prädiktion,预测编码,Prädiktion kann bei Quellencodierung Redundanz reduzieren.（预测可在信源编码中减少冗余。）
Präfix-Notation,前缀表示法,CIDR nutzt Präfix-Notation wie 192.168.0.0/24.（CIDR 使用 192.168.0.0/24 这样的前缀表示法。）
PSH,TCP 推送标志,PSH fordert eine zügige Weitergabe der Daten an die Anwendung.（PSH 要求尽快把数据交给应用。）
PSK,相移键控,PSK moduliert Information über die Phase eines Trägersignals.（PSK 通过载波相位调制信息。）
Punkt-zu-Punkt,点对点,Punkt-zu-Punkt beschreibt eine Verbindung zwischen genau zwei Endpunkten.（点对点描述两个端点之间的连接。）
Pure Aloha,纯 ALOHA,Pure Aloha sendet sofort wenn ein Rahmen bereitsteht.（纯 ALOHA 在帧准备好时立即发送。）
QSB,源汇树,Ein QSB beschreibt Wege von einer Quelle zu mehreren Senken.（QSB 描述从一个源到多个汇点的路径树。）
Quantisierung,量化,Quantisierung ordnet analoge Werte einer endlichen Wertemenge zu.（量化把模拟值映射到有限的取值集合。）
Quell-MAC-Adresse,源 MAC 地址,Die Quell-MAC-Adresse steht im Ethernet-Rahmen.（源 MAC 地址位于以太网帧中。）
Quellencodierung,信源编码,Quellencodierung reduziert Redundanz vor der Übertragung.（信源编码在传输前减少冗余。）
QUIC,快速 UDP 互联网连接协议,QUIC realisiert Transportfunktionen auf Basis von UDP.（QUIC 基于 UDP 实现传输层功能。）
Quittung,确认应答,Eine Quittung bestätigt empfangene Daten gegenüber dem Sender.（确认应答向发送方确认已收到的数据。）
Rahmen,帧,Ein Rahmen ist die Übertragungseinheit der Sicherungsschicht.（帧是数据链路层的传输单位。）
RAM,随机存取存储器,RAM kann als Puffer für Pakete und Rahmen dienen.（RAM 可作为分组和帧的缓冲区。）
Rauschen,噪声,Rauschen kann Signale verfälschen und Bitfehler verursachen.（噪声可能扭曲信号并导致比特错误。）
RcvWindow,接收窗口,RcvWindow zeigt dem Sender den verfügbaren Empfangspuffer an.（接收窗口向发送方表示可用接收缓冲空间。）
Reassembly,重组,Reassembly setzt fragmentierte oder segmentierte Daten wieder zusammen.（重组把分片或分段后的数据重新拼合。）
Rechnernetz,计算机网络,Ein Rechnernetz verbindet autonome Rechner zur Informationsübertragung.（计算机网络连接自治计算机以交换信息。）
Rechnernetzwerk,计算机网络,Rechnernetzwerk wird oft synonym zu Rechnernetz verwendet.（Rechnernetzwerk 常与 Rechnernetz 同义使用。）
Referenzmodell,参考模型,Ein Referenzmodell hilft beim strukturierten Vergleich von Protokollarchitekturen.（参考模型帮助结构化比较协议体系结构。）
Registered Ports,注册端口,Registered Ports sind für bekannte Anwendungen registriert.（注册端口是为已知应用登记的端口范围。）
REST,表述性状态转移,REST beschreibt einen Architekturstil für Web-APIs.（REST 描述 Web API 的一种架构风格。）
Restfehlerrate,残余错误率,Die Restfehlerrate bleibt nach Fehlererkennung oder Korrektur übrig.（残余错误率是在错误检测或纠正后仍剩下的错误概率。）
RFC,请求评议文档,RFCs beschreiben viele technische Standards des Internets.（RFC 文档描述许多互联网技术标准。）
RIB,路由信息库,RIB ist die Abkürzung für Routing Information Base.（RIB 是 Routing Information Base 的缩写。）
RIP,路由信息协议,RIP ist ein Distance-Vector-Routing-Protokoll.（RIP 是距离向量路由协议。）
RLE,游程编码,RLE ist die Abkürzung für Run Length Encoding.（RLE 是游程编码的缩写。）
Round Trip Delay,往返时延,Round Trip Delay misst die Zeit vom Sender zum Ziel und zurück.（往返时延衡量从发送方到目标再返回的时间。）
Router,路由器,Ein Router leitet Pakete zwischen Netzen weiter.（路由器在网络之间转发分组。）
Routing,路由选择,Routing bestimmt den Pfad eines Pakets durch das Netz.（路由选择决定分组穿过网络的路径。）
Routing Information Base,路由信息库,Die Routing Information Base speichert erreichbare Ziele und nächste Hops.（路由信息库存储可达目标和下一跳信息。）
Routing-Protokoll,路由协议,Ein Routing-Protokoll tauscht Informationen zur Pfadwahl aus.（路由协议交换用于路径选择的信息。）
Routing-Tabelle,路由表,Eine Routing-Tabelle enthält Ziele und passende nächste Hops.（路由表包含目标以及对应下一跳。）
Routingverfahren,路由方法,Routingverfahren bestimmen wie Pfade berechnet und aktualisiert werden.（路由方法决定路径如何计算和更新。）
RPC,远程过程调用,RPC ruft Funktionen auf entfernten Systemen auf.（RPC 调用远程系统上的函数。）
RST,TCP 重置标志,RST kann eine TCP-Verbindung abrupt zurücksetzen.（RST 可突然重置 TCP 连接。）
RTS,请求发送,RTS fordert bei MACA die Erlaubnis zum Senden an.（RTS 在 MACA 中请求发送许可。）
RTS-Paket,请求发送分组,Ein RTS-Paket reserviert bei MACA konzeptionell das Medium.（RTS 分组在 MACA 中概念上预留介质。）
RTT,往返时间,RTT ist eine gebräuchliche englische Bezeichnung für Round Trip Time.（RTT 是往返时间的常用英文缩写。）
Run Length Encoding,游程编码,Run Length Encoding komprimiert Folgen gleicher Symbole.（游程编码压缩连续相同符号。）
SACK,选择确认,SACK kann zusätzliche empfangene Bytebereiche bestätigen.（选择确认可以确认额外已收到的字节范围。）
SAP,服务访问点,Ein SAP ist ein Zugriffspunkt auf einen Dienst einer Schicht.（服务访问点是访问某层服务的位置。）
SAP-Adresse,服务访问点地址,Eine SAP-Adresse identifiziert einen Dienstzugangspunkt.（SAP 地址标识服务访问点。）
Schicht,层,Eine Schicht kapselt bestimmte Funktionen eines Kommunikationssystems.（层封装通信系统中的某类功能。）
Schichtenarchitektur,分层体系结构,Eine Schichtenarchitektur trennt Dienste Schnittstellen und Protokolle.（分层体系结构区分服务、接口和协议。）
Schiebefensterprotokoll,滑动窗口协议,Ein Schiebefensterprotokoll erlaubt mehrere unbestätigte Segmente.（滑动窗口协议允许多个未确认报文段在途。）
Schnittstellen-Daten,接口数据,Schnittstellen-Daten werden zusammen mit Steuerdaten übergeben.（接口数据与控制数据一起在层间传递。）
Schnittstellen-Steuerdaten,接口控制数据,Schnittstellen-Steuerdaten steuern den Dienstzugriff zwischen Schichten.（接口控制数据控制层间服务访问。）
SDMA,空分多址,SDMA trennt Kommunikation räumlich über verschiedene Bereiche.（SDMA 通过空间区域区分通信。）
SDU,服务数据单元,Eine SDU ist die Nutzdateneinheit an einer Dienstschnittstelle.（SDU 是服务接口处的服务数据单元。）
Segment,报文段,Ein TCP-PDU wird als Segment bezeichnet.（TCP 的协议数据单元称为报文段。）
Segmentierung,分段,Segmentierung teilt eine große SDU in mehrere PDUs.（分段把较大的服务数据单元拆成多个协议数据单元。）
Selective Repeat,选择重传,Selective Repeat überträgt nur verlorene oder fehlerhafte Einheiten erneut.（选择重传只重传丢失或出错的数据单元。）
SEND,发送原语,SEND kann als Dienstprimitive zum Absenden von Daten dienen.（SEND 可作为发送数据的服务原语。）
Sendefenster,发送窗口,Das Sendefenster begrenzt unbestätigte gesendete Daten.（发送窗口限制已发送但尚未确认的数据量。）
Sequenzdiagramm,序列图,Ein Sequenzdiagramm zeigt Nachrichten entlang der Zeitachse.（序列图沿时间轴展示消息交互。）
Sequenznummer,序列号,Eine Sequenznummer hilft Reihenfolge Verlust und Duplikate zu erkennen.（序列号帮助识别顺序、丢失和重复。）
Server,服务器,Ein Server bietet Dienste an und wartet auf Client-Anfragen.（服务器提供服务并等待客户端请求。）
Service Access Point,服务访问点,Service Access Point ist die englische Langform von SAP.（Service Access Point 是 SAP 的英文全称。）
Service Data Unit,服务数据单元,Service Data Unit ist die englische Langform von SDU.（Service Data Unit 是 SDU 的英文全称。）
Session Layer,会话层,Session Layer ist die englische Bezeichnung der OSI-Sitzungsschicht.（Session Layer 是 OSI 会话层的英文名称。）
Sicherungsschicht,数据链路层,Die Sicherungsschicht überträgt Rahmen zwischen benachbarten Knoten.（数据链路层在相邻节点之间传输帧。）
Sichtweise,视角/观点,Je nach Sichtweise kann ein System Rechnernetz oder verteiltes System sein.（根据视角不同，一个系统可能是计算机网络或分布式系统。）
Signal,信号,Ein Signal trägt Information über ein physikalisches Medium.（信号通过物理介质承载信息。）
Signalverzögerung,信号传播时延,Signalverzögerung entsteht durch die endliche Ausbreitungsgeschwindigkeit.（信号传播时延来自有限的传播速度。）
Signalzustand,信号状态,Ein Signalzustand kann einen oder mehrere Bits repräsentieren.（一个信号状态可以表示一个或多个比特。）
Site-local,站点本地,Site-local-Adressen waren für lokale IPv6-Standorte gedacht.（站点本地地址曾用于 IPv6 本地站点范围。）
Sitzungsschicht,会话层,Die Sitzungsschicht verwaltet Sitzungen zwischen Kommunikationspartnern.（会话层管理通信伙伴之间的会话。）
Skizzieren,草画/概述,Skizzieren Sie ein Zustandsdiagramm für den Drei-Wege-Handschlag.（请画出三次握手的状态图草图。）
SLAAC,无状态地址自动配置,SLAAC ermöglicht IPv6-Hosts automatische Adresskonfiguration.（SLAAC 允许 IPv6 主机自动配置地址。）
Sliding Window,滑动窗口,Sliding Window verbessert Durchsatz gegenüber Stop-and-Wait.（滑动窗口相比停止等待能提高吞吐量。）
Slotted Aloha,时隙 ALOHA,Slotted Aloha erlaubt Übertragungen nur zu Beginn fester Zeitschlitze.（时隙 ALOHA 只允许在固定时隙开始时发送。）
Slow Start,慢启动,Slow Start erhöht CongWin zu Beginn exponentiell.（慢启动在开始阶段指数增长拥塞窗口。）
Slow-Start-Phase,慢启动阶段,In der Slow-Start-Phase wächst CongWin exponentiell.（慢启动阶段中拥塞窗口指数增长。）
SMTP,简单邮件传输协议,SMTP ist ein Anwendungsprotokoll für den Versand von E-Mail.（SMTP 是用于发送电子邮件的应用层协议。）
SNAP,子网接入协议,SNAP erscheint in OSI-nahen Beschreibungen von Netzschnittstellen.（SNAP 出现在偏 OSI 的网络接口描述中。）
SNMP,简单网络管理协议,SNMP dient zur Überwachung und Verwaltung von Netzkomponenten.（SNMP 用于监控和管理网络组件。）
Socket,套接字,Ein Socket ist eine Programmierschnittstelle für Transportdienste.（套接字是访问传输服务的编程接口。）
Socket-Paar,套接字对,Eine TCP-Verbindung wird durch ein Paar von Sockets beschrieben.（TCP 连接由一对套接字描述。）
Software-Defined,软件定义,Software-Defined Networking trennt Steuerung und Weiterleitung.（软件定义网络分离控制与转发。）
Source,源,Die Source ist der Ausgangspunkt einer Kommunikation.（源是一次通信的起点。）
SPF,最短路径优先,SPF berechnet Pfade mit minimalen Kosten.（SPF 计算最小代价路径。）
SPF-Algorithmus,最短路径优先算法,Der SPF-Algorithmus wird in Link-State-Routing verwendet.（SPF 算法用于链路状态路由。）
SSH,安全外壳协议,SSH ermöglicht verschlüsselte entfernte Anmeldung.（SSH 支持加密的远程登录。）
SSHv2,安全外壳协议版本 2,SSHv2 nutzt TCP für verschlüsselte entfernte Sitzungen.（SSHv2 使用 TCP 支持加密远程会话。）
Staufenster,拥塞窗口,Staufenster ist eine deutsche Bezeichnung für Congestion Window.（Staufenster 是拥塞窗口的德语说法。）
Staukontrolle,拥塞控制,Staukontrolle reduziert die Senderate bei Überlast im Netz.（拥塞控制在网络过载时降低发送速率。）
Stellenwertsystem,位置记数制,Ein Stellenwertsystem bewertet Ziffern nach ihrer Position.（位置记数制按数字位置赋予权值。）
Stop-and-Wait,停止等待协议,Stop-and-Wait sendet erst nach einer Bestätigung die nächste Einheit.（停止等待协议在收到确认后才发送下一个数据单元。）
Store-and-Forward,存储转发,Store-and-Forward speichert eine Nachricht vollständig vor dem Weiterleiten.（存储转发在继续转发前先完整存储消息。）
STP,屏蔽双绞线,STP bezeichnet geschirmte Twisted-Pair-Kabel.（STP 表示屏蔽双绞线。）
Stream Socket,流套接字,Ein Stream Socket wird typischerweise für TCP-Verbindungen genutzt.（流套接字通常用于 TCP 连接。）
Subnetting,子网划分,Subnetting teilt einen Adressblock in kleinere Subnetze.（子网划分把一个地址块拆成更小的子网。）
Subnetz,子网,Ein Subnetz ist ein logisch abgegrenzter Teil eines größeren Netzes.（子网是较大网络中逻辑划分出的部分。）
Subnetz-Adresse,子网地址,Eine Subnetz-Adresse identifiziert ein bestimmtes Subnetz.（子网地址标识一个具体子网。）
Subnetzmaske,子网掩码,Eine Subnetzmaske trennt Netzanteil und Hostanteil einer Adresse.（子网掩码区分地址中的网络部分和主机部分。）
Switch,交换机,Ein Switch leitet Ethernet-Rahmen anhand gelernter MAC-Adressen weiter.（交换机根据学习到的 MAC 地址转发以太网帧。）
SYN,同步标志,SYN startet bei TCP den Aufbau einer Verbindung.（SYN 在 TCP 中用于发起连接建立。）
SYN+ACK,同步确认,SYN+ACK bestätigt einen Verbindungswunsch und sendet eigene Synchronisation.（SYN+ACK 确认连接请求并发送本方同步信息。）
SYN-ACK,同步确认,SYN-ACK ist eine verbreitete Schreibweise für SYN+ACK.（SYN-ACK 是 SYN+ACK 的常见写法。）
Systemschnitt,系统接口边界,Ein Systemschnitt trennt reale Kommunikationssysteme voneinander.（系统接口边界把真实通信系统彼此分开。）
TCP,传输控制协议,TCP bietet verbindungsorientierte und zuverlässige Ende-zu-Ende-Kommunikation.（TCP 提供面向连接且可靠的端到端通信。）
TCP Reno,TCP Reno 算法,TCP Reno nutzt Fast Recovery nach dreifachen Duplicate ACKs.（TCP Reno 在三次重复 ACK 后使用快速恢复。）
TCP Tahoe,TCP Tahoe 算法,TCP Tahoe fällt nach einem Verlust wieder auf Slow Start zurück.（TCP Tahoe 在丢包后回到慢启动。）
TCP-PCI,TCP 协议控制信息,TCP-PCI enthält Flags Sequenznummern und weitere Steuerfelder.（TCP-PCI 包含标志、序列号等控制字段。）
TCP-PDU,TCP 协议数据单元,Eine TCP-PDU wird im Kurs als Segment bezeichnet.（TCP-PDU 在课程中称为报文段。）
TCP-Socket,TCP 套接字,Ein TCP-Socket stellt eine streamorientierte Verbindung bereit.（TCP 套接字提供面向流的连接。）
TCP-Verbindung,TCP 连接,Eine TCP-Verbindung besteht logisch zwischen zwei Socket-Endpunkten.（TCP 连接在逻辑上存在于两个套接字端点之间。）
TCP/IP-Referenzmodell,TCP/IP 参考模型,Das TCP/IP-Referenzmodell beschreibt die praktische Internet-Schichtung.（TCP/IP 参考模型描述实际互联网分层。）
TDMA,时分多址,TDMA teilt den Zugriff auf ein Medium in Zeitschlitze auf.（TDMA 把介质访问划分为多个时间片。）
Telnet,远程登录协议,Telnet ist ein älteres Protokoll für entfernte Konsolensitzungen.（Telnet 是较早的远程控制台会话协议。）
TFTP,简单文件传输协议,TFTP nutzt UDP für einfache Dateiübertragung.（TFTP 使用 UDP 进行简单文件传输。）
Threshold,阈值,Der Threshold trennt Slow Start von Congestion Avoidance.（阈值用于区分慢启动和拥塞避免阶段。）
Throughput,吞吐率,Throughput beschreibt die tatsächlich erreichte Übertragungsrate.（吞吐率描述实际达到的数据传输速率。）
TIA,电信工业协会,TIA ist an Standards für Telekommunikationsverkabelung beteiligt.（TIA 参与电信布线标准。）
Time-To-Live,生存时间,Time-To-Live begrenzt wie viele Hops ein Paket durchlaufen darf.（生存时间限制分组可经过的跳数。）
Timeout,超时,Ein Timeout kann eine erneute Übertragung auslösen.（超时可触发重新传输。）
Timestamp-Option,时间戳选项,Die Timestamp-Option hilft TCP bei Messung und PAWS.（时间戳选项帮助 TCP 进行测量和 PAWS 判断。）
Top-Down-Ansatz,自顶向下方法,Der Top-Down-Ansatz beginnt bei Anwendungen und geht zu unteren Schichten.（自顶向下方法从应用层出发再到下层。）
Topologie,拓扑,Topologie beschreibt die Struktur von Knoten und Links.（拓扑描述节点和链路的结构。）
TOR,洋葱路由网络,TOR leitet Verkehr über mehrere Knoten zur Anonymisierung.（TOR 通过多个节点转发流量以实现匿名化。）
Trace-Datei,抓包记录文件,Eine Trace-Datei enthält aufgezeichneten Netzwerkverkehr.（抓包记录文件包含被捕获的网络流量。）
Traceroute,路由跟踪工具,Traceroute zeigt die Zwischenstationen auf dem Weg zu einem Ziel.（Traceroute 显示通往目标路径上的中间节点。）
Transformation,变换编码,Transformation wird bei Quellencodierung wie JPEG eingesetzt.（变换编码用于 JPEG 等信源编码。）
Transitknoten,中转节点,Transitknoten leiten Pakete weiter ohne Endziel zu sein.（中转节点不是最终目的地，只负责转发分组。）
Transitsystem,传输/中转系统,Ein Transitsystem liegt zwischen sendendem und empfangendem Endsystem.（中转系统位于发送端系统和接收端系统之间。）
Transport Layer,传输层,Der Transport Layer bietet Kommunikation zwischen Prozessen auf Endsystemen.（传输层为端系统上的进程提供通信。）
Transportprotokoll,传输协议,TCP und UDP sind Transportprotokolle.（TCP 和 UDP 是传输协议。）
Transportschicht,传输层,Die Transportschicht übernimmt Verbindungsmanagement und zuverlässige Übertragung.（传输层负责连接管理和可靠传输等任务。）
TSAP,传输服务访问点,TSAP bezeichnet einen Port als Zugriffspunkt des Transportdienstes.（TSAP 把端口称为传输服务访问点。）
Twisted-Pair-Kabel,双绞线,Twisted-Pair-Kabel werden häufig für Ethernet verwendet.（双绞线常用于以太网。）
UDP,用户数据报协议,UDP ist ein verbindungsloses und unzuverlässiges Transportprotokoll.（UDP 是无连接且不可靠的传输层协议。）
UDP-Datagramm,UDP 数据报,Ein UDP-Datagramm enthält Ports Länge Prüfsumme und Nutzdaten.（UDP 数据报包含端口、长度、校验和和用户数据。）
UDP-Socket,UDP 套接字,Ein UDP-Socket sendet und empfängt einzelne Datagramme.（UDP 套接字发送和接收独立数据报。）
Unicast,单播,Unicast adressiert genau einen Empfänger.（单播寻址一个唯一接收方。）
Unicast-Adresse,单播地址,Eine Unicast-Adresse steht für genau eine Schnittstelle.（单播地址表示一个特定接口。）
Unterschied,区别,Der Unterschied zwischen Dienst und Protokoll ist im Schichtenmodell zentral.（服务和协议之间的区别在分层模型中很关键。）
URG,TCP 紧急标志,URG markiert dringende Daten im TCP-Header.（URG 在 TCP 头部标记紧急数据。）
URL,统一资源定位符,Eine URL beschreibt Zugriffsmethode und Ort einer Ressource.（URL 描述资源的访问方法和位置。）
Verbindungsabbau,连接释放,Verbindungsabbau schließt eine logische Verbindung kontrolliert.（连接释放以受控方式关闭逻辑连接。）
Verbindungsaufbau,连接建立,Verbindungsaufbau synchronisiert Kommunikationspartner vor dem Datenaustausch.（连接建立在数据交换前同步通信双方。）
verbindungslose Kommunikation,无连接通信,Verbindungslose Kommunikation sendet Nachrichten ohne vorherigen Aufbau.（无连接通信无需预先建立连接即可发送消息。）
verbindungsorientierte Kommunikation,面向连接通信,Verbindungsorientierte Kommunikation nutzt eine zuvor aufgebaute logische Verbindung.（面向连接通信使用预先建立的逻辑连接。）
Vergleichen,比较,Vergleichen Sie Paketvermittlung und Leitungsvermittlung.（请比较分组交换和电路交换。）
Vermittlung,交换/网络层转发,Vermittlung bringt Nachrichten über Zwischenknoten zum Ziel.（交换或网络层转发通过中间节点把消息送到目标。）
Vermittlungsschicht,网络层/交换层,Die Vermittlungsschicht entscheidet über Pfade durch das Netz.（网络层或交换层决定穿过网络的路径。）
Vermittlungsverfahren,交换方式,Vermittlungsverfahren beschreiben wie Daten durch ein Netz transportiert werden.（交换方式描述数据如何穿过网络。）
Verteiltes Dateisystem,分布式文件系统,Ein verteiltes Dateisystem speichert Daten über mehrere Rechner hinweg.（分布式文件系统把数据存储在多台计算机上。）
Verteiltes System,分布式系统,Ein verteiltes System erscheint Nutzern oft als ein einheitliches System.（分布式系统在用户看来常像一个统一系统。）
Verzerrung,失真,Verzerrung verändert die Form eines Signals während der Übertragung.（失真会在传输过程中改变信号形状。）
Vielfachzugriff,多路访问,Vielfachzugriff regelt mehrere Sender auf einem gemeinsamen Medium.（多路访问规定多个发送方如何共享介质。）
Vier-Tupel,四元组,Ein Vier-Tupel aus IP-Adressen und Ports identifiziert eine Verbindung.（由 IP 地址和端口组成的四元组标识一条连接。）
Vier-Wege-Handshake,四次握手,Ein Vier-Wege-Handshake kann Verbindungsabbau in beide Richtungen bestätigen.（四次握手可确认双向连接释放。）
Virtuelle Verbindung,虚连接,Eine virtuelle Verbindung abstrahiert die darunterliegenden Netze.（虚连接抽象掉底层网络细节。）
VLAN,虚拟局域网,Ein VLAN bildet eine logische LAN-Struktur unabhängig von der physischen Topologie.（VLAN 在物理拓扑之上形成逻辑局域网结构。）
VLAN-ID,VLAN 标识,VLAN-ID kennzeichnet die Zugehörigkeit eines Rahmens zu einem VLAN.（VLAN-ID 标识一个帧所属的虚拟局域网。）
VLAN-Protocol-ID,VLAN 协议标识,Die VLAN-Protocol-ID kennzeichnet VLAN-getaggte Ethernet-Rahmen.（VLAN 协议标识标记带 VLAN 标签的以太网帧。）
VLAN-Tagging,VLAN 标签,VLAN-Tagging markiert Rahmen mit VLAN-Informationen.（VLAN 标签机制在帧中标记 VLAN 信息。）
VoIP,网络语音,VoIP überträgt Sprachdaten über IP-Netze.（VoIP 通过 IP 网络传输语音数据。）
Vollduplex,全双工,Vollduplex erlaubt gleichzeitiges Senden und Empfangen.（全双工允许同时发送和接收。）
VPN,虚拟专用网络,Ein VPN baut einen geschützten logischen Kanal über ein anderes Netz auf.（VPN 在另一个网络之上建立受保护的逻辑信道。）
WAN,广域网,Ein WAN verbindet Netze über große räumliche Entfernungen.（广域网跨较大地理距离连接网络。）
Warteschlangenverzögerung,排队时延,Warteschlangenverzögerung entsteht wenn Pakete vor der Übertragung warten.（排队时延发生在分组传输前等待队列时。）
WDMA,波分多址,WDMA teilt optische Übertragung nach Wellenlängen auf.（WDMA 按波长划分光传输资源。）
Weg-Zeit-Diagramm,路径-时间图,Ein Weg-Zeit-Diagramm visualisiert Nachrichtenbewegung über die Zeit.（路径-时间图展示消息随时间的移动。）
Wege-Handschlag,二/三路握手,Wege-Handschlag bezeichnet Handshake-Verfahren mit mehreren Nachrichten.（Wege-Handschlag 指由多条消息组成的握手过程。）
Well Known Ports,知名端口,Well Known Ports sind für zentrale Dienste wie HTTP oder SSH reserviert.（知名端口为 HTTP 或 SSH 等核心服务保留。）
WiFi-Adapter,WiFi 适配器,Ein WiFi-Adapter verbindet ein Endsystem drahtlos mit einem WLAN.（WiFi 适配器把端系统无线连接到 WLAN。）
Wireshark,抓包分析工具,Wireshark zeigt mitgeschnittene PDUs verschiedener Schichten an.（Wireshark 显示抓取到的各层协议数据单元。）
WLAN,无线局域网,WLAN verbindet Endsysteme drahtlos mit einem lokalen Netz.（WLAN 以无线方式把端系统接入局域网。）
Wraparound,序列号回绕,Wraparound entsteht wenn ein begrenzter Sequenznummernraum wieder von vorn beginnt.（序列号空间有限时重新从头使用会产生回绕。）
WWW,万维网,Das WWW ist ein verteiltes Hypertextsystem auf Basis des Internets.（万维网是基于互联网的分布式超文本系统。）
X-WiN,德国科研教育网络,X-WiN ist ein deutsches Wissenschaftsnetz für Forschung und Lehre.（X-WiN 是德国科研和教学使用的学术网络。）
XCP,显式控制协议,XCP ist ein Ansatz für explizite Überlastkontrolle.（XCP 是显式拥塞控制的一种方法。）
XOR,异或,XOR wird in vielen Prüf- und Codierungsverfahren verwendet.（异或用于许多校验和编码方法。）
Zeichnen,绘制,Zeichnen Sie ein Sequenzdiagramm des TCP-Austausches.（请绘制 TCP 交换的序列图。）
Zieladresse,目的地址,Die Zieladresse entscheidet wohin ein Paket weitergeleitet wird.（目的地址决定分组被转发到哪里。）
Zusammenfassung,总结,Die Zusammenfassung wiederholt die wichtigsten Begriffe eines Kapitels.（总结部分回顾一章中的重要概念。）
Zustellgarantie,投递保证,TCP kann stärkere Zustellgarantien bereitstellen als UDP.（TCP 能比 UDP 提供更强的投递保证。）
Zwei-Wege-Handschlag,二次握手,Der Zwei-Wege-Handschlag reicht in unzuverlässigen Netzen oft nicht aus.（二次握手在不可靠网络中通常不够。）
Zyklische Redundanzprüfung,循环冗余校验,Die zyklische Redundanzprüfung berechnet Prüfbits aus einem Generatorpolynom.（循环冗余校验通过生成多项式计算校验位。）
Übertragungsmedium,传输介质,Das Übertragungsmedium kann Kupfer Funk oder Lichtwellenleiter sein.（传输介质可以是铜线、无线电或光纤。）
Übertragungsrate,传输速率,Die Übertragungsrate gibt an wie viele Bits pro Sekunde übertragen werden.（传输速率表示每秒传输多少比特。）
